model,run,test_split,n_cases,velocity_R2,velocity_relL2,velocity_MAE_m_s,T_MAE_K,T_R2,near_jet_velocity_R2,far_field_velocity_R2,ashrae_seated_velocity_rho
LGO-GINOT,final30_lgo_ginot_lr1e-3,gap-0.30,21,0.9775,0.1481,0.0605,0.1380,0.9841,0.9961,0.8281,0.7847
LGO-GDON,final30_lgo_lr1e-3,gap-0.30,21,0.9754,0.1541,0.0609,0.1317,0.9852,0.9948,0.8275,0.7833
LGO-GINO,final30_lgo_gino_lr3e-3,gap-0.30,21,0.9713,0.1668,0.0689,0.1518,0.9812,0.9962,0.7872,0.7344
Transolver,final30_transolver_lr1e-3,gap-0.30,21,0.9670,0.1794,0.0739,0.1738,0.9763,0.9924,0.7708,0.7268
GINO,final30_gino_lr3e-3,gap-0.30,21,0.9200,0.2809,0.0941,0.2375,0.9507,0.9424,0.7544,0.7323
GINOT,final30_ginot_lr1e-4,gap-0.30,21,0.6726,0.5502,0.1154,0.1648,0.9690,0.6674,0.7423,0.7997
DeepONet,final30_deeponet_lr3e-4,gap-0.30,21,0.6405,0.5846,0.1166,0.1563,0.9713,0.6241,0.7489,0.7903
null: nearest-layout retrieval,-,gap-0.30,21,0.0027,0.9955,0.1909,0.2287,0.9366,-0.0789,0.4246,0.7294
null: training-set mean,-,gap-0.30,21,-0.0007,0.9992,0.2644,1.0412,-0.1042,-0.0052,-0.0255,0.0000
LGO-GINO,final58_lgo_gino_lr3e-3,gap-0.58,25,0.9419,0.2393,0.0899,0.2344,0.9529,0.9785,0.7239,0.6703
LGO-GINOT,final58_lgo_ginot_lr1e-3,gap-0.58,25,0.9355,0.2475,0.0891,0.2440,0.9437,0.9741,0.7212,0.6612
LGO-GDON,final58_lgo_lr1e-3,gap-0.58,25,0.9260,0.2681,0.0949,0.2539,0.9401,0.9671,0.7002,0.6664
GINO,final58_gino_lr3e-3,gap-0.58,25,0.6442,0.5821,0.1433,0.3176,0.9172,0.6274,0.6023,0.6928
Transolver,final58_transolver_lr1e-3,gap-0.58,25,0.5821,0.6151,0.1509,0.3066,0.9117,0.5844,0.4940,0.5651
GINOT,final58_ginot_lr1e-4,gap-0.58,25,0.3470,0.7962,0.1751,0.3077,0.9081,0.3380,0.3950,0.6393
DeepONet,final58_deeponet_lr3e-4,gap-0.58,25,0.2651,0.8454,0.1812,0.3069,0.9093,0.2413,0.4058,0.6624
null: training-set mean,-,gap-0.58,25,-0.0025,0.9987,0.2634,1.1527,-0.1322,-0.0104,-0.0361,0.0000
null: nearest-layout retrieval,-,gap-0.58,25,-0.0809,1.0319,0.2163,0.3424,0.8753,-0.1611,0.2363,0.6113
